<root>
    <particlelayer>
        <description name="Rocket" description="Firework Rocket" />
        <defaultemitter type="box" boxdim="20,500,500" emitfromsurface="FALSE">
            <startupfillpercentage average="100" variation="0" />
            <fixparticlecount average="-1" variation="0" />
            <frequency average="5" variation="0.4" />
            <countlookup time="0.0001" randomofs="TRUE">
                <curve numpoints="2">
                    <point pos="0,0.9961" t_in="0,0" t_out="0,0" />
                    <point pos="1,0.9961" t_in="0,0" t_out="0,0" />
                </curve>
            </countlookup>
            <direction coneangle="0,20" conemode="alldims" />
        </defaultemitter>
        <group topology="StretchVelocity" trailoverlap="1" localspace="FALSE" localpos="0,0,0" localori="0,0,0" tcurvetime="1" tcurveradius="1" usetcurve="FALSE">
            <groupsorting sortkey="0" />
            <lifetime average="-1" variation="0" />
            <timescale average="1" variation="0" />
            <delay average="0" variation="0" />
            <texture filename="Plume_2.dds" normalmap="" transparency="3" sizeaspect="1" animationsubdiv="1,1" usedframes="1" center="0,0.5" />
            <lighting modcolor="185,255,249,255" applyscenebrightness="0" />
            <geometry />
            <visibility boundingbox="-100,-100,-100,100,100,100" dynamicInflateInterval="1" depthofs="0" softparticles="FALSE" alwaysinforeground="FALSE" handlewhenvisible="TRUE" filtermask="-1" fadeMode="none" fadeStart="1000" fadeEnd="2000" renderorder="particles" />
        </group>
        <particles>
            <particlesorting enabled="FALSE" />
            <lifetime average="1.5" variation="0.5" />
            <color>
                <colorcurve>
                    <curve_red numpoints="2">
                        <point pos="0,0.9961" t_in="0,0" t_out="0,0" />
                        <point pos="1,0.9961" t_in="0,0" t_out="0,0" />
                    </curve_red>
                    <curve_green numpoints="2">
                        <point pos="0,0.9959" t_in="0,0" t_out="0,0" />
                        <point pos="1,0.9976" t_in="0,0" t_out="0,0" />
                    </curve_green>
                    <curve_blue numpoints="2">
                        <point pos="0,0.9939" t_in="0,0" t_out="0,0" />
                        <point pos="1,0.9953" t_in="0,0" t_out="0,0" />
                    </curve_blue>
                    <curve_alpha numpoints="2">
                        <point pos="0,0.998" t_in="0,0" t_out="0.5581,0.002" />
                        <point pos="1,0.0039" t_in="-0.0032,0.7625" t_out="0,0" />
                    </curve_alpha>
                </colorcurve>
            </color>
            <distortion enabled="TRUE" planealigned="FALSE">
                <fixlength average="-1" variation="0" />
                <speedmultiplier average="0.2" variation="0" />
                <sizemode enabled="FALSE" sizemultiplier="0,0,0,0" />
            </distortion>
            <normal enabled="FALSE" dir="0,0,1,1" />
            <size>
                <curve numpoints="2">
                    <point pos="0,0.9971" t_in="0,0" t_out="0,0" />
                    <point pos="1,0.9971" t_in="0,0" t_out="0,0" />
                </curve>
                <start average="1" variation="0.5" />
                <growth average="30" variation="0.4" />
            </size>
            <animation mode="0" startrandomframe="TRUE" smooth="FALSE">
                <curve numpoints="2">
                    <point pos="0,0.0039" t_in="0,0" t_out="0.5,0" />
                    <point pos="1,0.9961" t_in="-0.5,0" t_out="0,0" />
                </curve>
                <animtime average="0" variation="0" />
            </animation>
            <speed average="1000" variation="0.5" />
            <rotation mode="none" initialangle="0,0" rotationspeed="-20,20" curveduration="0" randomcurveofs="FALSE" />
            <physics gravity="0,0,-500" friction="0.3" emitterspeed="0" constraintbitmask="-1" gravityinertia="TRUE">
                <inertia average="0.6" variation="0" />
            </physics>
            <ondestroy repeat="FALSE">
                <newparticlecount average="100" variation="0" />
                <newparticletype groupname="Explosion" copyflags="1" />
            </ondestroy>
        </particles>
    </particlelayer>
    <particlelayer>
        <description name="Explosion" description="Firework Explosion" />
        <defaultemitter type="box" boxdim="0,0,0" emitfromsurface="FALSE">
            <startupfillpercentage average="0" variation="0" />
            <fixparticlecount average="10" variation="0" />
            <frequency average="10000" variation="0" />
            <countlookup time="1" randomofs="FALSE">
                <curve numpoints="2">
                    <point pos="0,0.9961" t_in="0,0" t_out="0.5,0" />
                    <point pos="1,0.9961" t_in="-0.5,0" t_out="0,0" />
                </curve>
            </countlookup>
            <direction coneangle="0,-1" conemode="alldims" />
        </defaultemitter>
        <group topology="StretchVelocity" trailoverlap="1" localspace="FALSE" localpos="0,0,0" localori="0,0,0" tcurvetime="1" tcurveradius="1" usetcurve="FALSE">
            <groupsorting sortkey="0" />
            <lifetime average="-1" variation="0" />
            <timescale average="0.75" variation="0" />
            <delay average="0" variation="0" />
            <texture filename="RainSplash.dds" normalmap="" transparency="3" sizeaspect="1" animationsubdiv="1,1" usedframes="1" center="0,0.5" />
            <lighting modcolor="255,255,255,255" applyscenebrightness="0" />
            <geometry />
            <visibility boundingbox="-100,-600,-600,1000,600,600" dynamicInflateInterval="1" depthofs="0" softparticles="FALSE" alwaysinforeground="FALSE" handlewhenvisible="TRUE" filtermask="-1" fadeMode="none" fadeStart="8000" fadeEnd="10000" renderorder="particles" />
        </group>
        <particles>
            <particlesorting enabled="FALSE" />
            <lifetime average="0.3" variation="0.3" />
            <color>
                <colorcurve>
                    <curve_red numpoints="2">
                        <point pos="0,0.9961" t_in="0,0" t_out="0.5,0" />
                        <point pos="1,0.9961" t_in="-0.5,0" t_out="0,0" />
                    </curve_red>
                    <curve_green numpoints="2">
                        <point pos="0,0.9961" t_in="0,0" t_out="0.5,0" />
                        <point pos="1,0.9961" t_in="-0.5,0" t_out="0,0" />
                    </curve_green>
                    <curve_blue numpoints="2">
                        <point pos="0,0.9961" t_in="0,0" t_out="0.5,0" />
                        <point pos="1,0.9961" t_in="-0.5,0" t_out="0,0" />
                    </curve_blue>
                    <curve_alpha numpoints="4">
                        <point pos="0,0.0039" t_in="0,0" t_out="0.0703,0" />
                        <point pos="0.1406,0.9961" t_in="-0.0703,0" t_out="0.1797,0" />
                        <point pos="0.5,0.9961" t_in="-0.1797,0" t_out="0.25,0" />
                        <point pos="1,0.0039" t_in="-0.25,0" t_out="0,0" />
                    </curve_alpha>
                </colorcurve>
            </color>
            <distortion enabled="TRUE" planealigned="FALSE">
                <fixlength average="-1" variation="0.5" />
                <speedmultiplier average="0.3" variation="0.1" />
                <sizemode enabled="FALSE" sizemultiplier="0,0,0,0" />
            </distortion>
            <normal enabled="FALSE" dir="0,0,1,1" />
            <size>
                <curve numpoints="2">
                    <point pos="0,0.4899" t_in="0,0" t_out="0.5,0" />
                    <point pos="1,0.9961" t_in="-0.5,0" t_out="0,0" />
                </curve>
                <start average="1" variation="0" />
                <growth average="5" variation="0.5" />
            </size>
            <animation mode="0" startrandomframe="TRUE" smooth="FALSE">
                <curve numpoints="2">
                    <point pos="0,0.9961" t_in="0,0" t_out="0.5,0" />
                    <point pos="1,0.9961" t_in="-0.5,0" t_out="0,0" />
                </curve>
                <animtime average="3" variation="0.5" />
            </animation>
            <speed average="700" variation="0.3" />
            <rotation mode="none" initialangle="0,360" rotationspeed="100,100" curveduration="0" randomcurveofs="FALSE" />
            <physics gravity="0,0,-1500" friction="0" emitterspeed="0" constraintbitmask="0" gravityinertia="TRUE">
                <inertia average="0" variation="0" />
            </physics>
            <ondestroy repeat="FALSE">
                <newparticlecount average="-1" variation="0" />
                <newparticletype copyflags="1" />
            </ondestroy>
        </particles>
    </particlelayer>
</root>
